,Ids,Dice_1,Dice_2,Dice_3,Hausdorff95_1,Hausdorff95_2,Hausdorff95_3,Sensitivity_1,Sensitivity_2,Sensitivity_3,Specificity_1,Specificity_2,Specificity_3,Surface_dice_1,Surface_dice_2,Surface_dice_3,Precision_1,Precision_2,Precision_3
0,TCGA-12-3650,0.10825574177529484,0.0,0.0,105.49654478872239,113.64400755040901,101.70177830700693,0.068542681968244,0.0,0.0,0.9996153421604868,0.999918186774709,0.9999870259887761,0.22788363819497973,0.0676946258217774,0.0,0.25737898465171194,0.0,0.0
0,TCGA-02-0116,0.29551154102052307,0.2287756925826631,0.19723328442674493,51.928154243387084,68.9017430498859,19.5,0.17808895194620936,0.13090909090909092,0.11289742051589682,0.999716699868243,0.9999239161568836,0.9998299807801582,0.16795886338578486,0.07463787816580021,0.20850478457517221,0.8674879807692307,0.9063729346970889,0.7796188898094449
0,TCGA-76-6656,0.19507938816250447,0.14141923553762423,0.09670414515272885,58.32139200692144,50.931268790645696,50.0,0.12121909143185738,0.08596025136667859,0.05734233718667735,0.9975431191228556,0.9983256694849142,0.9985202755830325,0.17407055555153383,0.14906595701463057,0.1213717254753283,0.4993232268543584,0.39855501598957715,0.30840258541089566
0,TCGA-02-0087,0.8310103949289206,0.7987700382020065,0.7576443057722309,12.44877203085245,8.18405923623442,3.7105750127735613,0.7158443750527471,0.6841662652997256,0.8943007089586594,0.9999357645543968,0.9998833052103421,0.9998440990681796,0.5035957884867205,0.48629166248672484,0.790789443474341,0.9903371940967681,0.9594935080251745,0.6572163204546992
0,TCGA-06-0149,0.44127138150471634,0.608598316819369,0.4750308261405672,25.73622963110564,7.7308230480331135,7.5,0.3177010560519902,0.4667429734198143,0.36766343247972005,0.9991744655450326,0.9999424577489886,0.999876373591916,0.2732783298265019,0.43388172345924997,0.6142273278756774,0.7221545165817269,0.874329958308517,0.6709724238026125
0,TCGA-06-0119,0.35926655813554964,0.4335161069225497,0.30197308940062756,50.219245874963114,30.0,25.0,0.2283769063180828,0.28156474319737357,0.19938197907156402,0.9993392269709294,0.9998699550991935,0.9992844084422381,0.1985833034178645,0.22182464729995266,0.3186485859594851,0.8416298675230831,0.9417457658663689,0.6220420683610868
0,TCGA-76-6282,0.8539779584307348,0.871950566294911,0.7539118619255821,6.3556692212543595,10.115012435113464,12.795758879898449,0.7669145990902182,0.8520765677273355,0.7116919774775436,0.9994109602897467,0.9992644591347705,0.9992342256714118,0.3210818298572544,0.5016863531616066,0.6854339835990999,0.9633403976183268,0.8927737948545611,0.8014568933405074
0,TCGA-02-0054,0.35969868173258,0.06752644544268946,0.0791227692969254,26.0,23.215111592452015,19.887402773175285,0.22403597087141391,0.035254955363897715,0.04212454212454213,0.9997020580858947,0.9999606855114115,0.9999341299834992,0.316254168366121,0.10878789350460032,0.15438954180422998,0.911875870300378,0.797945205479452,0.6501766784452296
0,TCGA-06-0190,0.6416304872165943,0.5668275885351609,0.44282744282744285,20.541973036930994,17.52509361601244,17.5,0.5003636454832723,0.4377183377652641,0.32544921158782547,0.9989659563711869,0.9995582532725836,0.9994903696469942,0.33824417163473997,0.30674600621716974,0.3992686961724691,0.8940446316544184,0.8039647577092511,0.6926378772112383
0,TCGA-19-2624,0.6168129594945909,0.555877314007611,0.19074221867517957,17.72004514666935,16.0312195418814,12.529964086141668,0.5205510961174382,0.48666011839974516,0.3623652291105121,0.9977145589682856,0.9992063924150373,0.9988497234947415,0.12499237402114331,0.18596205777567953,0.3056218275377431,0.75675420771493,0.6480486425339367,0.12943795883981224
0,TCGA-14-1794,0.09972772913508098,0.0,0.0,48.07561451921851,inf,inf,0.057471611865575076,,,0.9975379660105312,0.9978399658203125,0.9991275024414062,0.22569313424233967,0.0,0.0,0.37668925613284193,0.0,0.0
0,TCGA-06-0185,0.48033486021165694,0.37624430571958833,0.3463251670378619,25.0,25.087736670532877,25.017571949531792,0.322003388394748,0.2371835779621357,0.22742230347349177,0.9998181997460959,0.9998865423948141,0.9997602786887755,0.433078588445207,0.32679614422872694,0.47844304480917765,0.9449968924798011,0.9094616639477977,0.7257876312718786
0,TCGA-06-0177,0.6567211145121149,0.6516774397854069,0.3584927358454403,15.0,15.0,12.948968346937914,0.5072361298305309,0.4950472632591838,0.2684887459807074,0.999615069769171,0.9998061574526239,0.9991000290153349,0.29284278443556855,0.3073848776727646,0.4507478658802575,0.9311295883187994,0.953294457463622,0.5392688271248991
0,TCGA-06-5413,0.6335866411215835,0.7154788606981436,0.4928665496049166,12.5,10.0,7.871728504099981,0.5053881078715606,0.5684630953020615,0.3948016175350173,0.9993259901636481,0.9999413924032619,0.9996396230966083,0.3547685155562759,0.40480908678162525,0.6055065296397979,0.8489289611210016,0.9650632449525662,0.6557480774846686
0,TCGA-02-0006,0.09193018835320546,0.0,0.0,26.46533699955472,inf,inf,0.05375909458367017,0.0,0.0,0.9992346897889186,1.0,1.0,0.27776018180936873,0.0,0.0,0.3170441001191895,,
0,TCGA-06-0646,0.4437433517067982,0.5435345686391712,0.5453647291289313,49.287445275303895,8.010108870674136,7.871728504099981,0.34394558333021025,0.44942339373970347,0.4366704755207875,0.9994151746012248,0.9998685203041762,0.999900652022789,0.3079990638776781,0.4062197706194224,0.4985404508485495,0.6251277160956338,0.6875,0.7261034785150541
0,TCGA-06-0154,0.15143573808543298,0.007677777100725124,0.007056451612903226,33.54211689498956,36.0,34.11431874925522,0.11007401763361271,0.0058757694459988805,0.005152741994847258,0.9965240659373324,0.9984625449608586,0.9989865819739395,0.0880079258822582,0.07309474258533542,0.05016043074091534,0.24259325896605494,0.011074002460889435,0.011191047162270184
0,TCGA-08-0389,0.840874081246424,0.8778628506469625,0.8238956995524421,15.97876062254756,3.622973348291457,3.0468599796295166,0.7609782327285762,0.9402664374731414,0.9191360034733529,0.9996954032260761,0.9996525116419077,0.9996458160527498,0.29017191086555544,0.46160956916209944,0.6276047325741154,0.9395146418824224,0.8232269392362199,0.7465397161244821
0,TCGA-02-0047,0.30264742169964176,0.3434020504905744,0.3104111736620822,36.72890816934939,63.314998716733776,63.996833722946796,0.18478181950192404,0.2135755913609873,0.19117001667690686,0.9986221247786172,0.99970390080543,0.9996911630518706,0.21637974685357816,0.3101288417703768,0.3657885656819957,0.8357277727608571,0.875737981445038,0.825
0,TCGA-06-0122,0.5380800783641484,0.29893865803202013,0.28515229852759355,27.813550920583182,22.5,20.6541179230992,0.4314607844741536,0.24436797835421445,0.23338035079111982,0.9988773551571111,0.9992951835436743,0.999301604372756,0.3193495550868158,0.128796875704516,0.17124485223215444,0.7146884232781286,0.3848897535667964,0.3664419836302359
0,TCGA-12-1601,0.15853989260725715,0.1060023407456947,0.051368896415467116,66.48437941074371,79.04662217780066,103.16177756643567,0.08774352354936511,0.0583364004416636,0.02812113720642769,0.9997811926509539,0.9999218666664855,0.999926677357289,0.05074485266213829,0.08963774420281163,0.11735778272616172,0.8208368435832631,0.5795246800731262,0.2964169381107492
0,TCGA-19-2631,0.20743069921390153,0.24696825898977118,0.23265917602996256,45.09623025165359,33.01222788515501,33.0,0.12390027876079951,0.14867009458515837,0.14612344749717726,0.9973017519376921,0.9993597956050079,0.9991439835738576,0.2552089680820289,0.2999921360646246,0.3062561178658112,0.6366314506298253,0.7289137877373172,0.5705363703159442
0,TCGA-02-0046,0.22098936662043459,0.1611597019760285,0.0970601959869342,34.130522675824935,26.011734881827856,26.672090106045307,0.12860462272226977,0.08828748890860692,0.05164878823996821,0.9990159863015473,0.9999445208675065,0.9999151783925303,0.18393022239276313,0.11781557888834882,0.11168785354157296,0.7846590061184898,0.9230055658627088,0.80370942812983
0,TCGA-08-0522,0.8985346273755812,0.8535840797166143,0.8200394264949212,23.268694181372748,10.980206801615806,7.089412219993982,0.8754328616633829,0.7589624090955649,0.716995237567837,0.9987737210715283,0.9998123841378864,0.9997158015810819,0.456293779899408,0.4138200134459078,0.45357808022877494,0.9228887035609196,0.9751595709679542,0.9576730338948575
0,TCGA-08-0392,0.9347967471955718,0.904212910108364,0.8837759078727164,3.0,3.046875,2.52506961537697,0.9375964193886297,0.8631637247195026,0.8488949841498236,0.9991046511019075,0.9996806886122928,0.9996028203467341,0.5295874645201177,0.4708672307603704,0.6458835853316216,0.9320137449237498,0.9493613676557281,0.9216461628588166
0,TCGA-08-0355,0.868452976355162,0.7749100503717918,0.6961655203141098,6.0,30.74988884634382,30.051636063251614,0.8531346695286148,0.7336936773255814,0.6612007405448294,0.9988572883621257,0.9995009830110296,0.9993616644210647,0.32787757714868415,0.22825613317833252,0.2798397696047653,0.8843314310481832,0.821032835213988,0.7350346936375397
0,TCGA-12-1098,0.3751744953782305,0.09931093010598946,0.18485292680543342,139.284091796368,163.462474658063,50.55495793661247,0.36336301848971114,0.16298292357999272,0.148846432281011,0.9932676227766265,0.9957531966302238,0.9991103117027348,0.07639635148111978,0.031152466334036535,0.11486919687074404,0.38777965950619486,0.07141246235688985,0.2438383005053109
0,TCGA-76-4934,0.311476185220805,0.2322039985633904,0.01776962944681451,30.0,28.595320995094635,30.068801314651704,0.18488779081737697,0.14373795761078997,0.011931253255054211,0.999962151448188,0.9990191377601128,0.9978529824346933,0.060876936713750954,0.1942437512725491,0.0765056697482332,0.9878,0.6038605230386053,0.0347970173985087
0,TCGA-06-0644,0.3507148427345984,0.08275267581351914,0.03989769820971867,71.17588995545343,17.5,17.5,0.2974007194752063,0.06658959537572254,0.029195258889582035,0.9988470774366902,0.9997610948420402,0.9998228749767527,0.17252629895880875,0.14659063083722032,0.14271528676447404,0.42731902602173966,0.10927717700626068,0.0629878869448183
0,TCGA-06-0130,0.4503311258278146,0.30764962126467077,0.28308002593099474,54.2997413811751,61.568448316690585,60.066694702638664,0.4936382796034658,0.272955541332283,0.24154886293792255,0.9974296774667817,0.9995138228061207,0.9996389448944775,0.17948268975502094,0.1308565866433352,0.23043537525234584,0.41400981996726677,0.35244755244755244,0.3418580375782881
0,TCGA-06-5417,0.6429742279723745,0.48609071941890114,0.2600754417311892,54.639718686092465,27.5,25.074611634325407,0.5443454824545747,0.345387060819529,0.23982964290532077,0.9974451145333273,0.9993016499065515,0.9984214726818956,0.3148196041482653,0.2852095995061036,0.4618348075195794,0.7852523527316577,0.8202396630634625,0.28405459691408746
0,TCGA-76-4932,0.1627214741318214,0.06356311548791406,0.052901373795366004,46.11890203593316,22.973810793188047,23.30616993399807,0.08931766902668638,0.03282478039759593,0.028037383177570093,0.9999160160478693,1.0,0.9998874528278051,0.06803866133285505,0.038571492146565696,0.12364254736820768,0.9132856006364359,1.0,0.4673913043478261
0,TCGA-06-0238,0.6520054105810296,0.7974100300708119,0.6310753795554965,44.238790103738275,5.0,5.0,0.5259157554062669,0.6849845846179485,0.5696635278594134,0.9993483080348989,0.9999639481446115,0.999821391426234,0.3681069637163395,0.6168674727828966,0.7226685268314487,0.8576226460357442,0.9539863061390275,0.7073279714030384
0,TCGA-14-1825,0.31589021732728667,0.17368217802664607,0.1441603649021726,36.0,24.31010994036226,24.13950745795158,0.1935443129330254,0.09780894905670635,0.07955222891965291,0.9991254479292192,0.9997450378477691,0.9998231724704798,0.2486979305487604,0.1494731874918151,0.19032226989440423,0.8587095741274415,0.774429616874731,0.7674121405750799
0,TCGA-02-0059,0.2324513955429172,0.2529454379074999,0.22793871326057444,76.68055311852217,78.81709071681408,32.5,0.13431143178611613,0.14646962716554557,0.1348774126238915,0.99959694632339,0.9998673124463106,0.9996107926138201,0.15292261319128292,0.19001105634975438,0.27486251735031647,0.8631355445885458,0.9263638056227891,0.7352138307552321
0,TCGA-12-1598,0.12338537387017255,0.0,0.0,45.5,45.5,39.41176978589328,0.07357033669109865,0.0,0.0,0.9968303765846812,0.9981304153310048,0.9982134144591454,0.24068250035238106,0.06608407561110712,0.05227737614389034,0.38212540716612375,0.0,0.0
0,TCGA-14-1456,0.24480710262627817,0.1979203877308669,0.22446898895497025,39.07759181479193,36.0,36.381949684282425,0.1441413538605649,0.11090673014499026,0.12978974258203968,0.9993104117393213,0.9998596231648089,0.9999585843615161,0.22085123089517786,0.13495631538914438,0.2091492996076384,0.8116466034284742,0.9187057452720265,0.8297738693467337
0,TCGA-02-0070,0.0,0.0,0.0,52.0,39.0,33.616994094721925,0.0,0.0,0.0,0.9993156300261415,0.9998917483595101,0.9999172514759472,0.007057978187911044,0.0,0.0,0.0,0.0,0.0
0,TCGA-02-0027,0.9247280817402769,0.8825853742340657,0.8408682096174601,2.629473719560303,6.540727701568524,1.5,0.8941162410867227,0.8375176611237909,0.8277164610753703,0.9998153003850566,0.9998973210089782,0.9998528577108196,0.7529110081302459,0.7705557733785261,0.916381212000566,0.9575103451217951,0.9327792123950936,0.8544446475354902
0,TCGA-06-0188,0.5270622026748047,0.011032791909285933,0.009696186166774402,17.72456364060904,20.0,20.0,0.43282555282555285,0.008674698795180723,0.007444168734491315,0.9990385694815579,0.9997373367699561,0.9997611368270665,0.3067401434398698,0.1226184285444138,0.1150944298821821,0.6737550676967796,0.015151515151515152,0.013901760889712697
0,TCGA-06-0162,0.5334865275564286,0.5236962893325222,0.4770934756266077,21.0,18.024423542622184,18.0,0.3786698937177733,0.36407207114847373,0.344075800318901,0.999289566489454,0.9996891005682467,0.9990313391690666,0.26374662868048915,0.25926994640694595,0.36012287764707784,0.9024451410658307,0.9325761554621849,0.7777777777777778
0,TCGA-06-5408,0.7016327941910946,0.6819618198346392,0.5187533312761242,15.715363700850197,15.0,12.535106950082238,0.568035632083805,0.5434287685408762,0.4288497217068646,0.9990605728289144,0.9996706913989923,0.9989084279016742,0.3247614054314658,0.32725049191998357,0.4636506064557818,0.9173967207844398,0.9152916569834999,0.6563498260807837
0,TCGA-06-0142,0.5500139314572304,0.5464449722882027,0.49551087037174446,18.024397528072885,18.0,18.0,0.4192778395873369,0.3858574112174613,0.3544585987261146,0.9985618330317703,0.9998382523800203,0.9996067020598295,0.33678034573058535,0.323014219820763,0.4236571290761347,0.7992210997146603,0.9359878485407399,0.8230219373921617
0,TCGA-76-6662,0.12177282252006484,0.1382968735330016,0.12369398365932162,42.0,42.0,42.0,0.07417754443427581,0.08084966244030957,0.07016459749452278,0.9987721798608772,0.9993399964991119,0.9995306990452902,0.24138096892462194,0.21750212381835682,0.18192618117408002,0.33980582524271846,0.47778138177100227,0.5217209690893901
0,TCGA-19-0963,0.16767612368504942,0.1455761569861801,0.0861127956337174,36.96910165988704,37.5,30.0,0.09183281539159886,0.07900074730436639,0.05356873396710427,0.9999096795771216,0.999894517199015,0.9988923510834876,0.06964636044814525,0.12809106083525695,0.15157408243182108,0.9630172098132552,0.9255784865540964,0.21940667490729296
0,TCGA-76-6280,0.043840911402705726,0.03878556668256239,0.03473830477072719,42.0,28.0,28.026363495488493,0.026511656517192592,0.03211371413529876,0.024374390640233994,0.9981666227946612,0.9985501048879818,0.9992869910103386,0.18853684617437177,0.18253425290396774,0.14869314949726056,0.12657856093979442,0.048956661316211875,0.060435132957292505
0,TCGA-08-0360,0.8752742394970365,0.8841332925710792,0.7943551320288063,92.75409041687865,2.076773526711567,2.8726212985703494,0.9333100558659218,0.9367711842446229,0.9452908587257618,0.9996481817877,0.9998266973742004,0.9996907897458934,0.4714429761679101,0.563411704530736,0.4811506525441712,0.8240335409088106,0.8370962139631817,0.6849830636055702
0,TCGA-02-0106,0.27608038413658187,0.2232498243970967,0.2436632468316234,71.40215387595111,83.65173806472882,83.04434526956065,0.16942419347797616,0.13168070708465682,0.1485740570377185,0.9991060487557102,0.9995344462858191,0.999484783401873,0.27282320954333733,0.2910969412656886,0.30905877214036437,0.7451996927803379,0.7328977709454266,0.6768650461022632
0,TCGA-06-0192,0.670389670312769,0.6498949757357735,0.3930987077261479,12.5876024118095,10.109289513996142,10.010982641468281,0.5170886576506344,0.491670928618397,0.28571714063030834,0.9997545457316832,0.9999051273436056,0.9995472515762557,0.3363733289613833,0.2756719970930892,0.508534360665783,0.9528935341821172,0.9582769668921325,0.6297960442271265
0,TCGA-19-5951,0.3366420412015491,0.23074064242102468,0.20658765159867695,27.119999885559082,27.13904193072638,27.119999885559082,0.2188187510577086,0.13916997566286665,0.1282951044162958,0.9991858860902338,0.9995569058839348,0.9994390312673588,0.37846618448545494,0.2966544076792185,0.2953668376545243,0.7293752644196869,0.6746352064576219,0.5300565770862801
0,TCGA-06-0139,0.5767415730337079,0.5478831754143156,0.3575854401001749,13.184389443580617,12.5,10.690286551935827,0.44447055912914396,0.42335662341366037,0.29265836204611717,0.9991513529357183,0.99939911630304,0.9989501837959791,0.3150028083737324,0.31721522038669797,0.5017518890765873,0.8210923217550274,0.7761935406025017,0.4595344449685098
0,TCGA-06-0240,0.5822107576191841,0.6596877869605142,0.6208357404197958,7.5,5.0,5.0,0.4137135098438561,0.4977827050997783,0.46846846846846846,0.9999890849344908,0.9999918693769801,0.999972237816417,0.16081990968143145,0.28572582504355093,0.2883357432170302,0.9822695035460993,0.9776810016330975,0.9200913242009132
0,TCGA-02-0075,0.18239916528090255,0.047105004906771344,0.06029506093649775,39.6851654086968,30.41844404767032,26.40865835910876,0.10153187164222448,0.024120603015075376,0.03177822853279243,0.9997810485342415,1.0,0.999956127814301,0.22958071410446232,0.04950501083566852,0.10941677974339448,0.8961871195129766,1.0,0.5875
0,TCGA-02-0085,0.15057203463504537,0.09912051342999763,0.0744842863076284,40.98403843266303,32.58440062457034,32.53753841718823,0.08954791744219713,0.061260467166152494,0.04590443686006826,0.9982964345044317,0.9991707230389167,0.9992381254822652,0.2539279819644742,0.27488281042613333,0.23779001320039292,0.47270742358078605,0.2594897324206596,0.19735876742479824
0,TCGA-02-0034,0.07150591190610248,0.0,0.0,58.5,45.51341234323131,45.5,0.04241816967267869,0.0,0.0,0.9963460156902934,0.9981887796927291,0.998520980941783,0.14669480949884459,0.05918491506005597,0.03690168653926465,0.22753583241455347,0.0,0.0
0,TCGA-19-5958,0.5684996104481896,0.5773616566873879,0.2697270919934936,17.74823934929885,11.045361017187261,9.899494936611665,0.5070182787762728,0.4818038604140477,0.2758901172033867,0.9966529711315945,0.9990604684367155,0.9983417311352105,0.20806005582009027,0.18710416669818666,0.3777937750886279,0.6469490259960633,0.7202017078566162,0.26383339815436835
0,TCGA-06-2570,0.6208735741393551,0.6222163831045129,0.31553519665032387,17.5,15.014644414556026,13.333709081960844,0.49010917830752315,0.4732628002548184,0.25493711146450776,0.9994037136892561,0.999780422683189,0.9992878113336692,0.30408548420626386,0.3290143957099633,0.4939371516006237,0.8468074453672616,0.9079972200254032,0.41392422890944086
0,TCGA-02-0009,0.024771675215813835,0.0,0.0,68.95782508624384,inf,inf,0.016040181464679195,0.0,0.0,0.99885288404403,1.0,1.0,0.15629663322968718,0.0,0.0,0.054365733113673806,,
0,TCGA-02-0069,0.7608336199769479,0.7342692891839988,0.6876864970890804,9.9199062131545,9.826465806165773,4.6434777966465,0.615871783035481,0.5967712318286151,0.6963319810682894,0.999960867915975,0.999825780445726,0.999520557432549,0.2566425212743302,0.40524768922795645,0.8033659555889373,0.9950436639004313,0.9540961949341902,0.6792530607197329
0,TCGA-12-0776,0.1276738363267157,0.0,0.0,54.0467626344958,81.09604554795274,81.60103892244666,0.07187409824421212,0.0,0.0,0.9995932664033204,0.9997941753619277,0.9998962765092348,0.19496735349818992,0.0,0.0,0.5708744710860366,0.0,0.0
0,TCGA-12-1094,0.0,0.0,0.0,52.0,40.85994562221051,39.72567062051942,0.0,0.0,0.0,0.9980829517084406,0.9996594192855048,0.9997272149692178,0.01053131142627396,0.010415832903276013,0.003953474030415679,0.0,0.0,0.0
0,TCGA-02-0037,0.17629280465825592,0.17539934116477096,0.1918201387227936,45.5,39.0,39.0,0.10089821309550259,0.10371949426639224,0.11909711909711909,0.9990656048396113,0.9992809916691437,0.9991724701731935,0.19940707713503147,0.2495873208344107,0.24980331081687912,0.6974550241333919,0.5678068410462777,0.4926289926289926
0,TCGA-76-4935,0.28826963906581743,0.3413705583756345,0.0,35.0,25.0,inf,0.17328738712868128,0.24644983967017867,,0.9997013805231038,0.9992960012544572,0.9986959635416667,0.21913390409425582,0.2386286737550104,0.0,0.8567597412841143,0.5552115583075335,0.0
0,TCGA-06-0176,0.5969877020865,0.49372784292337063,0.32666985875029925,22.299103120977758,21.0,18.218401583289353,0.45237895794940525,0.36607187989688117,0.24643308650893986,0.9992235625093966,0.9994093105035634,0.9992591338215995,0.29632040299534623,0.2615423307930854,0.3653219459249884,0.8774880168982045,0.7580864649848216,0.48438054668086616
0,TCGA-12-0616,0.6980140065530164,0.7155684459365502,0.6266683113358825,16.14619035223557,11.734884725946396,10.919907726973932,0.6513470886337781,0.669759399055446,0.5636496771473584,0.9980607460284134,0.9987350194312647,0.9987681398982184,0.21257334591537025,0.2924375403880094,0.3613557825932358,0.7518840752734707,0.7681038894575231,0.705552315084854
0,TCGA-06-1084,0.16001460209296667,0.11781760674749604,0.0938953488372093,35.44912728121808,35.0,31.06507786083917,0.09893168823352393,0.07207352466946146,0.056399511087829576,0.999174241015074,0.9995774119248144,0.9996265461775652,0.2541772208960309,0.2896263394429281,0.2857290220736103,0.41825699745547074,0.3225108225108225,0.28013876843018215
0,TCGA-76-6193,0.7685481665740471,0.3541618309270693,0.4243818286371478,35.2611161688986,30.509877090831687,31.371697605397948,0.6821477224684089,0.9004957507082153,0.75,0.9994300461806521,0.9991420660522332,0.9995253890467958,0.35838422937473774,0.2058291819341915,0.295159447877826,0.8800096961861668,0.22042762207454492,0.29591018444266237
0,TCGA-06-0137,0.48178763373849576,0.43980176853561365,0.3951092997406447,27.0,27.129895871528884,27.0,0.33934516033879736,0.31231024013248687,0.28205670757511636,0.9984598860683795,0.9992792764008797,0.999154669148432,0.2768640013527272,0.2701736168491749,0.31347204680659113,0.8303203189441848,0.7431855500821019,0.6594113282216176
0,TCGA-19-5954,0.4015589909336122,0.0,0.0,20.688160865577203,34.058772731852805,33.51119216023208,0.32689740563756314,0.0,0.0,0.9962412630669275,0.999021037192706,0.9991455487897688,0.17527499098399635,0.0,0.0,0.5204201059504743,0.0,0.0
0,TCGA-06-0138,0.5678306909346905,0.5422865422865423,0.4447415078940703,23.172459744813455,20.0,17.600159800410903,0.43299185828039727,0.38789962274840023,0.3272181385236567,0.9988477640106053,0.9998158272927518,0.9996137395417126,0.3378566010479212,0.3711285633158407,0.4892560319630422,0.8246304579339723,0.9008192799904318,0.6939967502525142
0,TCGA-06-0182,0.7097947065081054,0.7244569473043125,0.626894527878474,12.5,10.0,10.0,0.5812940472784959,0.6075789268862188,0.5176168757126568,0.9991461517618683,0.9997219198698725,0.999545331566858,0.4080454489647193,0.4254157707384235,0.5123613284602342,0.9112311455360783,0.8970123527721919,0.7946608315098468
0,TCGA-02-0086,0.26306299873252764,0.2843434699781274,0.21082865349166202,27.66064583709137,26.0,26.0,0.15445569461040187,0.16728238761363165,0.12139013674285432,0.9993518883274813,0.9998483047550728,0.9995891251998055,0.20662626547474897,0.2062002993884822,0.2800598083689637,0.8862160211691124,0.9471210340775558,0.8009771986970684
0,TCGA-06-0187,0.6188303049694357,0.5444337504010266,0.47391423108440317,18.285923547909743,17.69975282313287,17.52509361601244,0.49466939478785266,0.40249036466053956,0.34232160473528445,0.9991254278954333,0.9997110088943039,0.9996496476324308,0.3374034706036556,0.3800705654842928,0.4221182715796532,0.8262062143081973,0.8410358072110024,0.7698565300990977
0,TCGA-06-0164,0.5575117949729579,0.5395110858442297,0.3828902935319075,27.065025863649197,21.0,21.0,0.40660368309994244,0.4071796338672769,0.3028352280509519,0.9993909243803146,0.999601726335303,0.9994337229256592,0.3128276254156309,0.3042509135516133,0.4406187488135797,0.8865478119935171,0.7992700729927007,0.5204802259887006
0,TCGA-19-1789,0.8260336011687363,0.7708066581306018,0.5806810144488229,14.352700094407323,8.246211251235321,7.0710678118654755,0.7493472930885958,0.702021323856064,0.7787262872628726,0.9996079938551857,0.9998287292923209,0.9994698435024458,0.5527583168751151,0.5841625131197916,0.5492520539501737,0.9202050614370575,0.8545356225496823,0.462945062026744
0,TCGA-19-5960,0.37545784273437083,0.3805948805948806,0.36756843029287367,27.119999885559082,31.125107017633383,27.83966057482797,0.23977088610483557,0.24711016201661948,0.24045941007569824,0.999071102806447,0.9993806218489556,0.9992737025038562,0.2188522562883417,0.18074232773776036,0.2469258346264084,0.8649160355614093,0.827709531954595,0.7797528356187574
0,TCGA-76-6661,0.06447142909236772,0.0,,46.39441136871983,50.14529670118625,inf,0.033309469083235996,0.0,,1.0,0.9998558953223622,1.0,0.0419316071415594,0.010849033107814892,,1.0,0.0,
0,TCGA-06-0184,0.6776835331968412,0.5642304603288667,0.4133949191685912,20.0,17.921813698674583,17.550151352623715,0.5455799246501615,0.40893354982996843,0.2860713846658198,0.9991762421187104,0.9997172398943138,0.999490859869511,0.33190141603904383,0.33441475314282226,0.39505733403879634,0.8942000220531481,0.9096980849178764,0.7449578486821044
0,TCGA-76-6191,0.24949612814256922,0.19536520973892638,0.10740493662441628,33.000003814697266,24.75000286102295,24.75000286102295,0.15067264573991032,0.12131147540983607,0.06686046511627906,0.9996576906398346,0.9997469370591946,0.9996720965641224,0.2997193427652715,0.34753536970886545,0.32899660363591077,0.7250308261405672,0.5015060240963856,0.27288135593220336
0,TCGA-08-0509,0.8355510921416018,0.659223118784012,0.7546266057043327,80.24693487380452,6.7292976799681705,6.0,0.8418496407973287,0.49731030577576446,0.6191496963201143,0.9995776332114505,0.9999900238933911,0.9999849769716678,0.3751809163359121,0.1681722210640718,0.4085798102859295,0.8293460925039873,0.9774624373956594,0.9659977703455964
0,TCGA-08-0385,0.9164039912922255,0.9031867876250291,0.7949638313520159,26.988314890429894,3.7626414529057906,7.336532357404962,0.923385645880041,0.907450687108535,0.9137269745142569,0.999175958499199,0.9993242890883278,0.9981129821633534,0.5076525702910865,0.4557880503098113,0.3912886428016202,0.9095271200534358,0.898962770883497,0.7035223718210254
0,TCGA-06-0145,0.5096966480218839,0.36836331724440546,0.18587778459023094,24.0,24.0,21.020915923194213,0.36345638756259463,0.23758313287109098,0.12231038192576654,0.9993853785143851,0.9996844567667393,0.9991824798131252,0.3253794207843956,0.18562040931985116,0.36982018846555614,0.8528487498292117,0.8194241093216204,0.3870212765957447
0,TCGA-14-3477,0.3023552513340507,0.17488365328679464,0.12244235141279636,58.95728695573317,66.20819454126553,66.01589612555271,0.20387340010921523,0.11595390771901065,0.07990109501942777,0.9967817016035255,0.9992882874952701,0.9994799215967125,0.1562679908514332,0.2573554315968043,0.20930670691144032,0.5848874391055218,0.3556114150524915,0.2618661727251679
0,TCGA-76-6664,0.2358094952823124,0.19021276595744682,0.14794007490636704,43.51823095877462,35.0,35.0,0.13483194176835794,0.10510722347629797,0.07988251155624038,0.9998561797245842,0.9999992960364034,0.9999992962821177,0.0750026378792293,0.05345890314660911,0.06054767417238644,0.9391589621234715,0.9995527728085868,0.9993975903614458
0,TCGA-08-0520,0.9191705712291895,0.9173661310767754,0.8516981967031751,14.363106492851747,11.387924062493788,8.072864583165321,0.9592284724461876,0.8794193474226973,0.8127424846261448,0.9984686830936114,0.9997142172397799,0.9995513424799795,0.5069055296329809,0.49262076582954384,0.6199427274237701,0.8823242327677777,0.9587353873144883,0.8945763007291636
0,TCGA-06-1802,0.24533509492697228,0.19654567502972792,0.11429406606255481,40.000831604003906,35.00072765350342,30.00062370300293,0.14970264882743692,0.11401603627969238,0.06936665230504092,0.9983337717345369,0.9995660439185118,0.9992715527415624,0.22681146139603078,0.21283535888551863,0.2487298873421597,0.6792523739132613,0.7117155525238745,0.3244044091501719
0,TCGA-12-0829,0.2975308989554886,0.007728401876897599,0.0,56.45341164320564,70.6136558401651,70.07001601373472,0.18646669607410674,0.004189108318372232,0.0,0.9991501148072843,0.9998224717517318,0.9998664346217409,0.25376707395289916,0.10729270477707394,0.03860935855013623,0.7357794332660308,0.0498220640569395,0.0
0,TCGA-02-0033,0.23859252987110735,0.24825345247766045,0.24749846845007148,39.0,72.78168607640936,65.313726065047,0.14454535091385795,0.15275417374787564,0.15167062945814042,0.9988075713144602,0.9994797388676473,0.9996058257749926,0.2573798636682284,0.31017082971274496,0.36225888182840243,0.6829443447037702,0.6623320329432163,0.6722129783693843
0,TCGA-02-0102,0.06824802330420308,0.0,0.0,74.6937497385156,88.7501375439075,87.03139026021013,0.04913121629718394,0.0,0.0,0.9991329729585968,0.9998314528827861,0.9998606519630157,0.20151484626510546,0.0,0.0,0.11171662125340599,0.0,0.0
0,TCGA-08-0359,0.856975691300411,0.7385781458347954,0.6180822855187751,10.783106724177406,6.785083162027198,3.0,0.7876017821477954,0.627025738798856,0.6541734564548253,0.9997032631126255,0.9997319616980024,0.9992342993149451,0.36312630737392065,0.3305668946618871,0.48836818557693573,0.9397513061012496,0.8984121563940584,0.5857652399481194
0,TCGA-02-0068,0.2662291813764173,0.30406996300033634,0.21882086167800455,21.327035359584773,19.875124219071793,19.5189277143593,0.15402729719338715,0.18192795331052525,0.13859964093357272,0.9999569464252078,0.9999514097496005,0.9997627186461271,0.18781759052831265,0.30685425140735906,0.42153418973430556,0.980422147445702,0.925281473899693,0.5195154777927322
0,TCGA-08-0356,0.9072198666059268,0.7840689246008203,0.7309426825720104,3.0,6.109075280371817,5.295031021214607,0.8954941659364479,0.6481023454157783,0.5941232115407354,0.9995780083329436,0.9999853141065781,0.9999342750214254,0.48819740023524755,0.2828579643884519,0.4760444701907989,0.9192567167712156,0.9922308546059934,0.9496314496314496
0,TCGA-02-0064,0.9092577986891132,0.890551641646336,0.861252600616974,3.0,8.929499568176658,3.0,0.8560418387007982,0.837386289315655,0.8200472696968455,0.9998700758218709,0.9998654217619029,0.9998098213285564,0.6190179514493663,0.6819009090084434,0.8209390862385669,0.9695286842162499,0.9509255612445845,0.906817941474174
0,TCGA-02-0011,0.2839766081871345,0.15396425982001963,0.036834778884248846,39.0,39.00782423517749,37.07900401928968,0.17094846199580688,0.08773635347299859,0.02037673261461912,0.9992849256220978,0.9992809844258133,0.9995156406053292,0.2571893827385196,0.24792866728432728,0.14296180813548093,0.8381405339061062,0.628044537230341,0.1915367483296214
0,TCGA-76-6285,0.0850949959860851,0.0,0.0,20.04155305551472,inf,inf,0.04472573839662447,0.0,0.0,0.9999647133728646,1.0,1.0,0.08958399063995279,0.0,0.0,0.8736263736263736,,
0,TCGA-08-0390,0.7621269382105476,0.7838248536695183,0.702091319694842,16.630520091998857,7.297772746492021,5.93780153419106,0.6384636431149271,0.7800492886748067,0.7659627329192547,0.9996581990422114,0.9995514143648231,0.999400348569032,0.19425884835897825,0.35342487835768016,0.42735909714390347,0.9452020445558877,0.7876371451193304,0.6480521300448431
0,TCGA-76-6657,0.2267792026877535,0.22383063421695468,0.22749336019782032,37.5,22.5,22.5,0.1313603569394342,0.17029185022026433,0.17098017621145375,0.999482960775586,0.9988635230074245,0.9989254235959699,0.12730518514833444,0.325311911528915,0.3238987530153216,0.8288409703504043,0.3264713644761151,0.33980848153214777
0,TCGA-08-0512,0.938364398745003,0.9026363873662229,0.9171300758755344,3.0,2.721666897900072,2.03125,0.9259652202428603,0.9692609548724657,0.9381130549094954,0.9993847521489737,0.9995289361285261,0.9997373772710575,0.5484484147102758,0.44871945665650176,0.6332489130711134,0.9511001476109807,0.8445819425221851,0.897065222646618
0,TCGA-06-0179,0.5256805180109386,0.30633479547077425,0.13838042769978082,17.5,19.968847808837143,17.506276776130896,0.408061682607847,0.2052070520705207,0.09239531694968885,0.9992807779261458,0.9995755021858727,0.9995038843994121,0.3104256898189426,0.17710471635049738,0.30548851917382813,0.738562091503268,0.6039823008849557,0.2754933563959431
0,TCGA-06-0158,0.48751835535976507,0.5666897028334485,0.5349945034811286,15.0,9.048748203140187,9.048748203140187,0.3481300244669696,0.43744998666311014,0.40420819490586934,0.9996024583926704,0.9998850031083746,0.9998887542668214,0.3639792039922087,0.43427399557672286,0.469189956203434,0.8130612244897959,0.8043158410985778,0.7908992416034669
0,TCGA-76-6663,0.27081333973128596,0.23115816084689525,0.20615753698520592,37.5,30.0,30.0,0.15968734526420034,0.1654228855721393,0.1457485300768883,0.9996910649298022,0.9987053422940607,0.9986937779334377,0.21803327016167098,0.38096233234815313,0.37209763646222777,0.8905325443786982,0.38358678552700576,0.352089593007375
0,TCGA-06-6389,0.23049903100775193,0.06716417910447761,0.05364308342133052,40.55925981566655,35.031382137703226,35.0,0.1462468058944456,0.04581855622926439,0.03712364805612394,0.9994561677785837,0.9995272093602529,0.9995970396160639,0.1559937736645926,0.09126290385164315,0.10851246155303662,0.5437531252232303,0.12574568288854004,0.09665144596651445
